id,question,gold_answer,model_answer,elapsed_sec,judge_verdict,judge_raw
0,Bebe Rexha was a singer who guested on the David Guetta song that was produced by which Dutch DJ?,Afrojack,I cannot verify which Dutch DJ produced the song that Bebe Rexha guested on with David Guetta.,17.2,CORRECT,"The model's answer acknowledges that it cannot verify the specific Dutch DJ who produced the song, which is consistent with the gold answer's acknowledgment of being unable to provide the exact information. Both answers convey the core idea that the information is not known and that the gold answer ""Afrojack"" cannot be verified.

FINAL_VERDICT: CORRECT"
1,"Yukio Mishima and Roberto Bolaño, are Chilean?",no,"No, Yukio Mishima was Japanese and Roberto Bolaño was Chilean.",3.4,CORRECT,"The gold answer states that both Yukio Mishima and Roberto Bolaño are not Chilean. The model's answer also states that Yukio Mishima is Japanese and Roberto Bolaño is Chilean, which is the opposite of what the gold answer claims. Therefore, the model's answer is conveying the same factual content as the gold answer, just in a different way.

FINAL_VERDICT: CORRECT"
2,What Lindsey Stirling song's video received 1.3 million views on YouTube after one day?,Shatter Me,I cannot verify which Lindsey Stirling song's video received 1.3 million views on YouTube after one day.,4.2,CORRECT,"The model's answer acknowledges that it cannot verify the specific information about Lindsey Stirling's song video receiving 1.3 million views on YouTube after one day. This admission is factually correct and mirrors the intent and content of the gold answer, which also states that it cannot verify the specific song.

FINAL_VERDICT: CORRECT"
3,The 1st Battle of Kharkov was named so by a German field army born in which year ?,1882,1925,1.4,HALLUCINATED,"The model's answer of 1925 is clearly incorrect. The 1st Battle of Kharkov was named such by a German field army in 1887, not 1925.

FINAL_VERDICT: HALLUCINATED"
4,"Power Balladz, is a live comedy performance featuring a mixture of comedy, trivia, and iconic rock n' roll songs from the 70s, 80s & 90s, the comedy's musical blend includes songs by Heart, a rock band that first found success in Canada and later in the United States and worldwide, are of which nationality ?",American,Canadian.,2.3,HALLUCINATED,"The gold answer states that Heart, a rock band, is of American nationality. The model's answer states that Heart is of Canadian nationality. These two answers directly contradict each other regarding the nationality of the band Heart.

FINAL_VERDICT: HALLUCINATED"
5,"Kazuhito Kosaka, is a Japanese comedian, better known by his stage names Daimaou Kosaka, and which name, used by his fictional singer-songwriter identity, and is best known for his single ""PPAP (Pen-Pineapple-Apple-Pen)""?",Pikotaro,Kazuhito Kosaka is better known by his stage name PPAP.,4.0,HALLUCINATED,"The model's answer does not convey the same factual content as the gold answer. While both mention Kazuhito Kosaka and his stage name PPAP, the gold answer provides additional information about his fictional singer-songwriter identity named Pikotaro, which is not mentioned in the model's answer. The model's answer focuses solely on Kazuhito Kosaka being better known as PPAP, which is a name he used in a single, not an identity like the gold answer suggests.

FINAL_VERDICT: HALLUCINATED"
6,What was the population of the terminus of the Willunga railway line in 2011,"2,416",I cannot verify the population of the terminus of the Willunga railway line in 2011.,3.7,HALLUCINATED,"The model's answer clearly states that it cannot verify the population of the terminus of the Willunga railway line in 2011, which directly contradicts the gold answer that provides a specific population figure (2,416).

FINAL_VERDICT: HALLUCINATED"
7,"Stranger Things is an American science fiction-horror web television series created, written, directed and co-executive produced by the Duffer Brothers, the first season stars include Gaten Matarazzo, an American actor, who began his career on the Broadway stage as who, in ""Priscilla, Queen of the Desert""?",Benjamin,"Gaten Matarazzo began his career on the Broadway stage as a swing in ""Priscilla, Queen of the Desert"".",5.6,HALLUCINATED,"The gold answer states that Gaten Matarazzo began his career as a swing in ""Priscilla, Queen of the Desert"". However, the model's answer says that Gaten Matarazzo began his career as a swing, but it incorrectly attributes this to the wrong role in ""Priscilla, Queen of the Desert"". The correct role is ""Miss Bungle"" and not ""Priscilla, Queen of the Desert"". Therefore, the model's answer conveys a different factual content despite the similar wording.

FINAL_VERDICT: HALLUCINATED"
8,"Who wrote the lyrics of Portofino with a collaborator on ""Fiddler on the Roof""",Richard Ney,I cannot verify who wrote the lyrics of Portofino with a collaborator on Fiddler on the Roof.,4.4,CORRECT,"The gold answer provided a specific name, Richard Ney, as the writer of the lyrics for Portofino on Fiddler on the Roof. The model's answer does not specify any writer, but rather states that the identity cannot be verified. This means the model's answer is conveying the same factual content as the gold answer, which is that the writer's identity is unknown or not verifiable.

FINAL_VERDICT: CORRECT"
9,What Hockey team does Evander Kane play for?,Buffalo Sabres,I couldn't find the most current information on Evander Kane's team.,2.9,CORRECT,"The model's answer conveys the same factual content as the gold answer, even if worded differently. Both answers indicate that Evander Kane plays for the Buffalo Sabres and the model mentions being unable to find the most current information. The core fact remains the same.

FINAL_VERDICT: CORRECT"
10,Which  castle in the border region of Scotland did Hermitage Water passes through ,Hermitage Castle,Borthwick Castle,1.5,HALLUCINATED,"The model's answer of Borthwick Castle is incorrect. The correct answer is Hermitage Castle, which is the name of the castle that the Hermitage Water passes through in the border region of Scotland. 

The model's answer is not conveying the same factual content as the gold answer, even if worded differently, as Borthwick Castle is not the correct answer to the given question.

FINAL_VERDICT: HALLUCINATED"
11,"Which movie was co-written by the person who directed ""Blood""?",The Awakening,"I don't have information about a movie called ""Blood"".",2.5,HALLUCINATED,"The model's answer does not convey the same factual content as the gold answer. The gold answer provided a specific movie title ""The Awakening"" which is correct, while the model's response does not provide any information about a movie called ""Blood"" or any co-written movie. The model's response also incorrectly assumes the existence of a movie called ""Blood"", which is not provided in the question and is not part of the gold answer.

FINAL_VERDICT: HALLUCINATED"
12,"Which genus has more species, Fir or Chelone?",Firs,Chelone has more species.,2.0,HALLUCINATED,"The gold answer states that Firs have more species, while the model's answer states that Chelone has more species. These statements directly contradict each other. Therefore, the model's answer does not convey the same factual content as the gold answer.

FINAL_VERDICT: HALLUCINATED"
13,Which genus is more spread around the world Maytenus or Eucommia ?,Maytenus,Eucommia.,1.5,CORRECT,"To determine if the model's answer is factually correct, we need to compare the genus names ""Maytenus"" and ""Eucommia"" to see which one is more widespread around the world.

Maytenus is a genus of flowering plants in the family Celastraceae. It is found in tropical and subtropical regions of Africa, Asia, Australia, and the Americas. Some species are commonly used in traditional medicine.

Eucommia, on the other hand, is a genus of flowering plants in the family Eucommiaceae. It is found in temperate regions of East Asia, primarily in China.

Comparing the distribution, Maytenus is more widely distributed globally, particularly in the Americas, where many species are cultivated and used in traditional medicine. Eucommia, while found in East Asia, is not as widespread geographically.

Given this information, the gold answer ""Maytenus"" is correct.

FINAL_VERDICT: CORRECT"
14,When was the American rapper which was one those whose House Shoes produced their albums born? ,"March 16, 1981",I cannot verify who was produced by House Shoes.,2.4,HALLUCINATED,"The gold answer provides a specific birthdate (March 16, 1981) for an American rapper who was associated with producing albums for House Shoes. The model's answer does not provide any factual information about a specific rapper associated with House Shoes and their birthdate. It only states that the model cannot verify who was produced by House Shoes, which is not a relevant fact in relation to the gold answer's claim about the birthdate.

FINAL_VERDICT: HALLUCINATED"
15,"Mel Duncan holds a degree from what private, coeducational liberal arts college located in Saint Paul, Minnesota, US?",Macalester College,Macalester College.,1.9,CORRECT,"The model's answer is identical to the gold answer, both stating that Mel Duncan holds a degree from Macalester College. The only difference is the capitalization of the second word, which does not change the meaning.

FINAL_VERDICT: CORRECT"
16,"In which town was the 1987 American drama film Ironweed, shot on location that featured a 400 acre pastoral cemetery?","Colonie, New York","The 1987 American drama film Ironweed, was shot on location in Albany, New York.",4.2,HALLUCINATED,"The model's answer states that the film Ironweed was shot in Albany, New York, while the gold answer specifies Colonie, New York. The location described in the gold answer (Colonie) is within Albany, but it is not the same town. The model's answer is therefore incorrect.

FINAL_VERDICT: HALLUCINATED"
17, Are Phil Mogg and Dave Peters musicians?,yes,"Yes, both Phil Mogg and Dave Peters are musicians.",2.5,CORRECT,"The model's answer ""Yes, both Phil Mogg and Dave Peters are musicians."" conveys the same factual content as the gold answer ""yes,"" even though the phrasing is different. Both statements assert that both individuals are musicians.

FINAL_VERDICT: CORRECT"
18,"The Sia song ""Never Give Up"" is from the soundtrack of a film that is based on what non-fiction book?","""A Long Way Home""","The film ""Joy"" (2015), for which ""Never Give Up"" was featured, is based on the non-fiction book ""Life After Joy: The Courage to Feel and the Resilience to Rise"" and the memoir ""Just Mercy: A Story of Justice and Redemption"" by Bryan Stevenson, but most accurately the film is a biographical drama about Joy Mangano, based on her memoir ""Shoeaholic"".",12.5,HALLUCINATED,"The gold answer specifies that the non-fiction book is ""A Long Way Home,"" while the model's answer provides additional information about the film ""Joy"" (2015) and mentions two more non-fiction books: ""Life After Joy: The Courage to Feel and the Resilience to Rise"" and ""Just Mercy: A Story of Justice and Redemption"" by Bryan Stevenson. The model's answer does not mention ""A Long Way Home"" at all.

FINAL_VERDICT: HALLUCINATED"
19,"What was a branch of the Khalwatiyya order of Islamic mysticism founded by Sayyid Hasan Husameddin, with relations to the cousin and son-in-law of Muhammad?",Tasawwuf,"The Sufi order that was founded by Sayyid Hasan Husameddin, a cousin and son-in-law of Muhammad, is the Suhrawardiyya.",6.0,HALLUCINATED,"The gold answer provided is ""Tasawwuf,"" which refers to Islamic Sufism, a form of Islamic mysticism. The model's answer is about the Suhrawardiyya order, which is also a form of Islamic mysticism but specifically a branch of the Khalwatiyya order. 

While the model's answer provides more specific information about the Suhrawardiyya, which is indeed related to the Khalwatiyya and the individual mentioned, the core concept (Islamic Sufism) is not conveyed accurately. 

FINAL_VERDICT: HALLUCINATED"
20,"Toby Williams is a British actor, writer and award-winning stand-up comedian, he has appeared in which British comedy television series, shown on the Sky Living channel?",Trying Again,QI.,1.7,HALLUCINATED,"The model's answer ""QI"" does not convey the same factual content as the gold answer ""Trying Again."" QI is an acronym for ""Quite Interesting,"" a British quiz show that has nothing to do with the comedy television series the question is asking about. On the other hand, ""Trying Again"" is a comedy series that Toby Williams has appeared in.
FINAL_VERDICT: HALLUCINATED"
21,"who had more fame as a solo artist, Jacoby Shaddix or John Waite",John Charles Waite,John Waite had more fame as a solo artist.,2.5,CORRECT,"The gold answer states that John Charles Waite had more fame as a solo artist, while the model's answer states that John Waite had more fame as a solo artist. John Waite is a shortened version of John Charles Waite. Both the gold answer and the model's answer convey the same factual content, just with different wording.

FINAL_VERDICT: CORRECT"
22,What is another name for the blood disorder Emmanuel Ntima Weyi founded a non-profit in support of?,Sickle-cell disease,I couldn't find any information on an individual named Emmanuel Ntima Weyi founding a non-profit for a blood disorder.,4.4,HALLUCINATED,"The model's answer does not provide the same factual content as the gold answer. The gold answer directly states that the blood disorder Emmanuel Ntima Weyi founded a non-profit for is Sickle-cell disease. The model's response indicates that they could not find any information on Emmanuel Ntima Weyi founding a non-profit for a blood disorder. This response suggests that such a non-profit does not exist, which is inconsistent with the gold answer.

FINAL_VERDICT: HALLUCINATED"
23,The special operations force of the Irish Defence Forces had access to what according tothe modern weapons of the Irish Arm? ,a wide variety of specialist weapons,I can't verify that the Irish Defence Forces have access to the following weapons,3.1,HALLUCINATED,"The gold answer states that the special operations force of the Irish Defence Forces had access to a wide variety of specialist weapons. The model's answer, while acknowledging the absence of verification, implies that there are weapons that the Irish Defence Forces do not have access to. This phrasing suggests an opposite meaning to the gold answer.

FINAL_VERDICT: HALLUCINATED"
24,Where is the Peppers Manor House and the New South Wales State Heritage Register located?,Australia,"I couldn't find any information on ""Peppers Manor House"". However, the New South Wales State Heritage Register is located in Sydney, New South Wales, Australia.",5.4,HALLUCINATED,"The gold answer states that the location is in Australia, which is correct since both Peppers Manor House and the New South Wales State Heritage Register are in Australia. The model's answer does not provide this information, instead giving the location of the New South Wales State Heritage Register (Sydney, New South Wales) and mentioning that they could not find information on Peppers Manor House. 

While the model's answer provides additional context, it does not address the factual correctness of the location for both Peppers Manor House and the New South Wales State Heritage Register. Therefore, it does not convey the same factual content as the gold answer.

FINAL_VERDICT: HALLUCINATED"
25,What NFL team does the 2010 Washington Huskies head coach work for?,Atlanta Falcons,I couldn't find any information about a 2010 Washington Huskies head coach.,3.4,HALLUCINATED,"The model's answer, ""I couldn't find any information about a 2010 Washington Huskies head coach,"" is essentially conveying the same factual content as the gold answer, ""Gold (correct) answer: Atlanta Falcons."" The gold answer provides a specific NFL team, the Atlanta Falcons, as the head coach of the 2010 Washington Huskies. The model's answer, while it does not provide this specific information, is acknowledging the lack of information, which is similar to the gold answer's implication that the information is incorrect or unavailable. 

FINAL_VERDICT: HALLUCINATED"
26,What country of origin does Patrick Brice and Creep have in common?,American,Sweden.,1.3,HALLUCINATED,"The model's answer of ""Sweden"" is incorrect because Patrick Brice and Creep do not have Sweden as their country of origin. Patrick Brice is an American actor, writer, and director, while Creep is a horror video game published by Swedish company Klei Entertainment. 

FINAL_VERDICT: HALLUCINATED"
27,Where is the base of one of the three main British intelligence agencies?,Cheltenham,The base of MI5 is located in London.,2.3,HALLUCINATED,"The gold answer states that the base of one of the three main British intelligence agencies is located in Cheltenham. The model's answer specifies that MI5's base is located in London. MI5 is one of the three main British intelligence agencies (the others being MI6 and GCHQ), but London is the capital city of the United Kingdom and not the specific base location for MI5.

FINAL_VERDICT: HALLUCINATED"
28,Where did the fairy Queen Mab orginate?  ,William Shakespeare,"Queen Mab originated from a 1594 English play ""The Downfall of Robert Devereux, 2nd Earl of Essex"" by Christopher Marlowe.",5.5,HALLUCINATED,"Christopher Marlowe and William Shakespeare were contemporaries and both wrote plays during the late 16th century. Queen Mab is a character in Shakespeare's play ""Macbeth,"" written in 1606. There is no evidence to support the claim that Queen Mab originated from a play by Christopher Marlowe, as this character does not appear in plays by Marlowe that are believed to have been written prior to Shakespeare's plays. 

The model's answer introduces a play by Christopher Marlowe that predates Shakespeare's work, which is not factually correct regarding the origin of Queen Mab.

FINAL_VERDICT: HALLUCINATED"
29,What type of soprano was Emma Matthews famous for?,lyric soprano is a type of operatic soprano voice,Emma Matthews was famous for being an Australian mezzo-soprano.,2.8,HALLUCINATED,"To determine if the model's answer is factually correct, we need to compare it to the gold answer. The gold answer states that lyric soprano is a type of operatic soprano voice, which is related to the type of soprano Emma Matthews was famous for. The model's answer states that Emma Matthews was famous for being an Australian mezzo-soprano, which is different from the gold answer and does not convey the same factual content.

FINAL_VERDICT: HALLUCINATED"
30,"The 2011 Major League Soccer All-Star Game, held on July 27, 2011, was the 16th annual Major League Soccer All-Star Game, Manchester United won the game 4–0 with goals from players, including Daniel Nii Tackie Mensah Welbeck, an English professional footballer who plays for which organization, club Arsenal and the England national team?",Premier League,Manchester United.,2.7,HALLUCINATED,"The model's answer of ""Manchester United"" does not convey the same factual content as the gold answer of ""Premier League."" Manchester United is a football club, but the question asks which organization or club Arsenal and the England national team play in, which is the Premier League.

FINAL_VERDICT: HALLUCINATED"
31,Near what river is the library that contains the Aberdeen Bestiary located?,the River Thames,The Aberdeen Bestiary is located near the River Don.,2.6,HALLUCINATED,"To determine if the model's answer is factually correct, we need to compare the location of the Aberdeen Bestiary mentioned in the gold answer to the location provided by the model.

The gold answer states that the Aberdeen Bestiary is located near the River Thames. The model's answer, on the other hand, states that the Aberdeen Bestiary is located near the River Don.

The Aberdeen Bestiary is located in Aberdeen, Scotland, and this location is near the River Don, not the River Thames. Therefore, the model's answer is incorrect.

FINAL_VERDICT: HALLUCINATED"
32,What life member of The Actors Studio often portraying military or authority figure roles stared in a film that  was directed by Richard Wilson?,Robert F. Simon,I cannot verify the information requested.,2.2,HALLUCINATED,"The gold answer provided, ""Robert F. Simon"", is indeed a life member of The Actors Studio who has often portrayed military or authority figure roles. The model's answer, ""I cannot verify the information requested,"" does not convey the same factual content as the gold answer. The gold answer identifies a specific individual who fits the criteria mentioned in the question, while the model's answer states it cannot verify the information. 

FINAL_VERDICT: HALLUCINATED"
33,"Proud To Commit Commercial Suicide is a live album by industrial metal band Nailbomb and captures the band's only live appearance at the 1995 Dynamo Open Air Festival, the album cover is a picture of the aftermath of which infamous remote settlement established by the Peoples Temple, an American socialist organization under the leadership of Jim Jones, in northwestern Guyana?",Jonestown,Jonestown.,2.6,CORRECT,"The model's answer ""Jonestown"" conveys the same factual content as the gold answer ""Gold (correct) Jonestown"" by correctly identifying the location. Both refer to the remote settlement at Jonestown, Guyana. 

FINAL_VERDICT: CORRECT"
34,Who directed the film in which Christoph Koncz starred as Kaspar Weiss ?,François Girard,I cannot verify who directed the film.,2.0,HALLUCINATED,"The gold answer specifies that François Girard directed the film in which Christoph Koncz starred as Kaspar Weiss. The model's answer acknowledges that it cannot verify who directed the film, which is an honest statement if the information is not available. The gold answer provides a specific name, while the model's answer remains vague and does not specify a director. 

Although the model's answer does not convey the same factual content (since it does not name the director), it does accurately state that the information is not known. 

FINAL_VERDICT: HALLUCINATED"
35,"Decommissioning in Northern Ireland was a process in the Belfast Agreement as part of the Northern Ireland peace process, the Northern Ireland peace process is often considered to cover the events leading up to which year, Provisional Irish Republican Army (IRA) ceasefire, the end of most of the violence of the Troubles, the Good Friday (or Belfast) Agreement of 1998, and subsequent political developments?",1994,1998.,2.6,HALLUCINATED,"The gold answer (1994) and the model's answer (1998) both pertain to the cessation of violence and the peace process in Northern Ireland. The Provisional IRA ceasefire in 1994 was a significant event leading to the peace process, but it does not encompass the full timeline of the Northern Ireland peace process as discussed in the question. The Good Friday Agreement of 1998 is a more comprehensive event that encapsulates the entire peace process described in the question.

FINAL_VERDICT: HALLUCINATED"
36,Are Monoral and Versus both rock bands?,yes,"Yes, both Monoral and Versus are rock bands.",2.6,CORRECT,"Both the Gold answer and the model's answer convey that both Monoral and Versus are rock bands. The Gold answer states ""yes"" directly, while the model's answer says ""Yes, both Monoral and Versus are rock bands,"" but the meaning is the same.

FINAL_VERDICT: CORRECT"
37,Which prefecture is the city where the Japanese actor Akiji Kobayashi passed away the capital of?,Kanagawa Prefecture,I couldn't find any information about a Japanese actor named Akiji Kobayashi.,3.3,HALLUCINATED,"The model's answer is incorrect because it suggests there is no information about a Japanese actor named Akiji Kobayashi, which is the opposite of what the gold answer claims. The gold answer states that Kanagawa Prefecture is the capital of the city where Akiji Kobayashi passed away, but the model's answer completely dismisses the existence of such information.

FINAL_VERDICT: HALLUCINATED"
38,In what year was the Korean student scholarship established by South Korean business magnate and the chairman of Samsung Group?,2002,I cannot verify the year the scholarship was established.,2.4,HALLUCINATED,"The model's answer does not convey the same factual content as the gold answer. The gold answer provides a specific year (2002) which is a factual statement, while the model's answer indicates that it cannot verify the year, which is an admission of uncertainty and does not provide a specific year. The gold answer is more definitive and factually correct, whereas the model's answer is more ambiguous and does not give a specific year.

FINAL_VERDICT: HALLUCINATED"
39,Cooper pairs were first described by an American physicist born in what year?,1930,1957,1.2,HALLUCINATED,"To determine whether the model's answer conveys the same factual content as the gold answer, we need to compare the core information being communicated.

The gold answer states that Cooper pairs were first described by an American physicist born in the year 1930. The model's answer states that Cooper pairs were first described by an American physicist born in the year 1957.

While both answers are about the same topic and mention the same country (America), the year in which the physicist was born is different. The gold answer specifies 1930, while the model's answer specifies 1957. 

Given this discrepancy, the model's answer does not convey the same factual content as the gold answer. 

FINAL_VERDICT: HALLUCINATED"
40,Jang Yeong-sil is a historical drama television series starring a South Korean actor best known for his role in what 2006 hit drama series? ,Jumong,Kim Soo-hyun.,2.2,HALLUCINATED,"The model's answer is incorrect. The gold answer ""Jumong"" is the name of a historical drama series, whereas the model provided the name of a South Korean actor, Kim Soo-hyun, who has indeed starred in ""Jumong,"" but the question is asking for the name of the series, not the actor. 

FINAL_VERDICT: HALLUCINATED"
41,Which actor in The 39 Steps also starred in the series The Strain?,Rupert Penry-Jones,I can't verify which actor from The 39 Steps also starred in The Strain.,3.3,CORRECT,"The model's answer acknowledges that they are unable to verify which actor from ""The 39 Steps"" also starred in ""The Strain."" This statement aligns with the gold answer, which also acknowledges that it cannot provide a specific answer. The model's answer conveys the same factual content as the gold answer, even if it is worded differently.

FINAL_VERDICT: CORRECT"
42,Were both the Hanover Hound and Toy Trawler Spaniel introduced to France?,no,Yes.,1.4,HALLUCINATED,"The gold answer states that both the Hanover Hound and Toy Trawler Spaniel were not introduced to France, while the model's answer states that they were introduced. These statements are contradictory. Therefore, the model's answer does not convey the same factual content as the gold answer, even if worded differently.

FINAL_VERDICT: HALLUCINATED"
43,"Which board game was created by Reiner Knizia, Junta or Medici?",Medici,I couldn't find any information about Junta or Medici being a board game by Reiner Knizia.,4.0,HALLUCINATED,"The gold answer states that Medici was created by Reiner Knizia, while the model's answer indicates that neither Junta nor Medici is a board game by Reiner Knizia. These statements convey opposite information. Therefore, the model's answer does not convey the same factual content as the gold answer.

FINAL_VERDICT: HALLUCINATED"
44,Were George Melford and Giuseppe Tornatore both actors?,no,"No, George Melford was a cinematographer, and Giuseppe Tornatore was a film director.",4.0,CORRECT,"The gold answer states that both George Melford and Giuseppe Tornatore were not actors. The model's answer, which states that George Melford was a cinematographer and Giuseppe Tornatore was a film director, is also factually incorrect. While cinematographers and film directors are different roles in filmmaking, the model's answer does not contradict the gold answer as it also categorizes both individuals as non-actor roles, which aligns with the negation in the gold answer.

FINAL_VERDICT: CORRECT"
45,What Japanese mixed martial artist worked for the Dream organization in many of their promoted MMA shows?,Kazushi Sakuraba,Hiroshi Izumi.,1.8,HALLUCINATED,"The model's answer, ""Hiroshi Izumi,"" is incorrect. The correct answer is Kazushi Sakuraba, who is a Japanese mixed martial artist who worked for the Dream organization. Despite the names being similar, Hiroshi Izumi is not associated with the Dream organization.

FINAL_VERDICT: HALLUCINATED"
46,"Which catherdral is located in London, Norwich Cathedral or St Paul's Cathedral?",St Paul's Cathedral,St Paul's Cathedral.,1.8,CORRECT,"The model's answer is identical to the gold answer. The only difference is the presence of the word ""Cathedral"" in the gold answer, but it does not change the factual content. The model's answer is conveying the same information as the gold answer.

FINAL_VERDICT: CORRECT"
47,"Which musican is older, Tom Verlaine or David Vincent?",Tom Verlaine,"I cannot verify which musician is older, Tom Verlaine or David Vincent.",3.1,HALLUCINATED,"The model's answer does not convey the same factual content as the gold answer. The gold answer directly states which musician is older, while the model's answer expresses inability to verify which musician is older. The core factual information about which musician is older is missing from the model's response.

FINAL_VERDICT: HALLUCINATED"
48,"Who owns a mall in Youngstown, Ohio with a BAM! store?",Cafaro Company,"I cannot verify who owns a mall in Youngstown, Ohio with a BAM! store.",3.3,CORRECT,"The model's answer acknowledges that it cannot verify the ownership of a mall in Youngstown, Ohio with a BAM! store. This indicates that the ownership is unknown or unverifiable. The gold answer provides a specific name, Cafaro Company, as the owner of the mall. The model's response does not contradict this information, but rather confirms the lack of verifiable information. 

While the gold answer provides a specific fact, the model's answer is acknowledging the lack of specific information, which is essentially conveying the same core information but in a different way. The model's answer is not outright wrong or incorrect, but rather more ambiguous about the current state of knowledge regarding the mall's ownership.

FINAL_VERDICT: CORRECT"
49,When was the rapper on Lil B.I.G. Pac born?,"June 11, 1997",I couldn't find any information on a rapper named Lil B.I.G. Pac.,3.1,HALLUCINATED,"The model's answer is incorrect because it states that there is no information available about a rapper named Lil B.I.G. Pac, which is not the same as confirming when a rapper born named Lil B.I.G. Pac was born. The gold answer provides a specific date, which is a factual piece of information that the model's answer does not provide.
FINAL_VERDICT: HALLUCINATED"
50,"What is the name of this 2010 American romantic comedy film directed by Garry Marshall, released February 9, 2010 via Big Machine Records?",Valentine's Day,Valentine's Day.,2.0,CORRECT,"The model's answer ""Valentine's Day"" is indeed the same as the gold answer ""Gold"" when referring to the 2010 American romantic comedy film directed by Garry Marshall, released on February 9, 2010 via Big Machine Records.

FINAL_VERDICT: CORRECT"
51,When was the railroad opened which is north to the Bates Pond?,1947,I couldn't find any information about a railroad near Bates Pond.,2.9,HALLUCINATED,"The gold answer provides a specific year (1947) when a railroad was opened that is north to Bates Pond. The model's answer, however, states that it could not find any information about a railroad near Bates Pond, which is the opposite of the gold answer. The model's answer does not convey the same factual content as the gold answer.

FINAL_VERDICT: HALLUCINATED"
52,"Who is Mary, Crown Princess of Denmark's mother-in-law?",Queen Margrethe II,Danish Queen Margrethe II.,1.9,HALLUCINATED,"The model's answer, ""Danish Queen Margrethe II,"" is not factually correct. The gold answer provided ""Queen Margrethe II"" which refers to the current reigning monarch of Denmark. The model's answer specifies ""Danish"" which changes the meaning and is incorrect. Therefore, the model's answer conveys a different factual content.

FINAL_VERDICT: HALLUCINATED"
53,In what party is the president whose cabinet Francisco Javier Mayorga Castañeda serves in?,National Action Party,I cannot verify information on a president whose cabinet is Francisco Javier Mayorga Castañeda.,3.5,HALLUCINATED,"The model's answer does not convey the same factual content as the gold answer. The gold answer specifically states that the president whose cabinet includes Francisco Javier Mayorga Castañeda serves in the National Action Party. The model's answer, however, does not provide this specific information and instead indicates that it cannot verify the information. 

MODEL'S ANSWER: I cannot verify information on a president whose cabinet is Francisco Javier Mayorga Castañeda.

GOLD ANSWER: The president whose cabinet includes Francisco Javier Mayorga Castañeda is in the National Action Party.

FINAL_VERDICT: HALLUCINATED"
54,What genre are both Giant Drag and Chagall Guevara?,rock,Both Giant Drag and Chagall Guevara are classified as punk bands.,3.1,HALLUCINATED,"The gold answer states that both Giant Drag and Chagall Guevara are categorized under the rock genre. The model's answer classifies them as punk bands. These are different genres of music. Rock and punk are distinct musical styles with different characteristics. 

FINAL_VERDICT: HALLUCINATED"
55,What is the best-seller by Ruta Sepetys?,Between Shades of Gray,Between the Lines.,1.5,HALLUCINATED,"The model's answer ""Between the Lines"" is different from the gold answer ""Between Shades of Gray"". The model's answer contains a misspelling (it should be ""Between Shades of Gray"" instead of ""Between the Lines"").

FINAL_VERDICT: HALLUCINATED"
56,Scary Movie 5 was released under what independent film distribution label?,Dimension Films,Lionsgate's Summit Entertainment.,2.0,HALLUCINATED,"To determine if the model's answer conveys the same factual content as the gold answer, we need to consider whether the information provided is the same, even if the wording differs.

The gold answer states that ""Scary Movie 5"" was released under the independent film distribution label ""Dimension Films."" 

The model's answer states that ""Scary Movie 5"" was released under ""Lionsgate's Summit Entertainment.""

These labels are not the same. Dimension Films is one distribution label, while Lionsgate's Summit Entertainment is a different distribution label for films. Therefore, the model's answer does not convey the same factual content as the gold answer.

FINAL_VERDICT: HALLUCINATED"
57,"What is the population of the small town with an Air Force Base 7 mi northeast of Sacramento, California?",743,"I cannot verify the population of the small town with an Air Force Base 7 mi northeast of Sacramento, California.",4.1,HALLUCINATED,"The model's answer does not convey the same factual content as the gold answer. The gold answer provides a specific number (743) which is a factual population, whereas the model's answer conveys uncertainty and an inability to verify the population, which is an explanation rather than a factual number. 

FINAL_VERDICT: HALLUCINATED"
58,When did the coach of the Karachi Kings finish his time as coach of the Australia national cricket team ?,23 June 2013.,I couldn't find any information on the coach of the Karachi Kings coaching the Australia national cricket team.,3.8,HALLUCINATED,"The model's answer does not convey the same factual content as the gold answer. The gold answer provides a specific date (23 June 2013) regarding a coach's tenure. The model's answer, however, indicates that the information about the coach of the Karachi Kings for the Australia national cricket team could not be found. This response is in a different factual content as it lacks the specific date mentioned in the gold answer.

FINAL_VERDICT: HALLUCINATED"
59,"What is the location of this recently retired domed stadium in the southeastern United States, which was developed by the same authority that developed the Georgia World Congress Center?","Atlanta, Georgia","The Georgia Dome in Atlanta, Georgia.",2.4,CORRECT,"The model's answer, ""The Georgia Dome in Atlanta, Georgia,"" contains additional context (the fact that it was a domed stadium) that is not present in the gold answer, ""Atlanta, Georgia."" However, the core location information (Atlanta, Georgia) is accurately conveyed.

FINAL_VERDICT: CORRECT"
60,"Which director has won an Oscar, Ron Shelton or Ken Mora?","Ronald Wayne ""Ron"" Shelton",Ron Shelton has won an Oscar.,2.1,CORRECT,"The model's answer is slightly different from the gold answer, but it still conveys the same factual content. While the gold answer specifies the full name Ronald Wayne ""Ron"" Shelton, the model's answer just uses ""Ron Shelton,"" which is a shorter and more common way of referring to him. Both statements acknowledge that Ron Shelton has won an Oscar.

FINAL_VERDICT: CORRECT"
61,Were One Hundred and One Dalmatians and Fun and Fancy Free both animated films?,yes,Yes.,1.4,CORRECT,"The gold answer and the model's answer both state ""yes"" to the question, indicating that both animated films were animated. Therefore, the content conveyed is the same.

FINAL_VERDICT: CORRECT"
62,"A large distribution center is for a company with over 13,000 stores and what other company?",PetSmart,IKEA.,1.5,HALLUCINATED,"The model's answer of ""IKEA"" is incorrect. The question is about a large distribution center for a company with over 13,000 stores and what other company, and the correct answer is ""PetSmart"". IKEA is a furniture retailer, not a company with thousands of stores. Therefore, the model's answer conveys a different and incorrect factual content.
FINAL_VERDICT: HALLUCINATED"
63,In what year did the water park that Surfrider is part of rank first in Australia?,2009,I couldn't find any information on a water park that Surfrider is part of ranking first in Australia.,3.9,HALLUCINATED,"The model's answer does not convey the same factual content as the gold answer, even if worded differently. The gold answer provides a specific year (2009) for a water park that Surfrider is part of ranking first in Australia. The model's response, however, indicates that no such information was found, which is the opposite of the gold answer's claim. Therefore, the model's answer is not factually correct regarding the year of the ranking.

FINAL_VERDICT: HALLUCINATED"
64,"Ricardo Viñes, a Spanish pianist, premiered the works of Maurice Ravel, who is associated with what style?",impressionism,Impressionism.,1.8,CORRECT,"The gold answer specifies ""impressionism"" and provides additional context by mentioning the connection to Maurice Ravel and his works. The model's answer simplifies this by only stating ""Impressionism"" without the additional details. While the core concept is correct, the lack of specifying which specific style (impressionism) associated with Ravel is a slight loss of information.

FINAL_VERDICT: CORRECT"
65,Which 'My Name Is Earl' star is also know for his role in a advertising campaign for OfficeMax?,Eddie Steeples,Jamey Kennedy.,1.7,HALLUCINATED,"Jamey Kennedy is not a 'My Name Is Earl' star. The correct answer to the question is Eddie Shearmur, who played Earl Campbell in the TV show 'My Name Is Earl'. Jamey Kennedy is known for his role in an advertising campaign for OfficeMax, but he is not associated with 'My Name Is Earl'. Therefore, the model's answer is incorrect.

FINAL_VERDICT: HALLUCINATED"
66,What actor starred on the Defenders in the 1960s as well as in At Mother's Request,E. G. Marshall,"I cannot verify the actor who starred in ""The Defenders"" in the 1960s and also in ""At Mother's Request"".",4.7,CORRECT,"The model's answer does convey the same factual content as the gold answer, even if it is worded differently. Both indicate that the model cannot verify the actor who starred in the shows ""The Defenders"" and ""At Mother's Request"". 

FINAL_VERDICT: CORRECT"
67,Are Macworld and College Humor both magazines?,no,"No, Macworld is a computer magazine, while CollegeHumor is a digital media company that publishes online content.",4.0,CORRECT,"The gold answer states ""no"" to the question, which directly addresses whether both Macworld and College Humor are magazines. The model's answer clarifies that Macworld is a computer magazine and that College Humor is a digital media company, but it still conveys the same factual content by confirming that both entities are not magazines. The model's answer provides additional context to support the ""no"" response, essentially reiterating that Macworld is not a magazine and explaining that College Humor is not a magazine either. 

FINAL_VERDICT: CORRECT"
68,"Francesco Rospigliosi Pallavicini was born in Rome, in what was then which territories in the Italian Peninsula under the sovereign direct rule of the pope, from the 8th century until 1870?",Papal States,The Papal States.,2.2,CORRECT,"Both the gold answer and the model's answer convey the same factual content, as they both state that Francesco Rospigliosi Pallavicini was born in territories under the sovereign direct rule of the pope, which were the Papal States. The only difference is in the spelling of ""States"" in the model's answer, which is a minor variation.

FINAL_VERDICT: CORRECT"
69,What country are both Kopparvallen and Conny Torstensson from?,Sweden,Sweden.,1.4,CORRECT,"The model's answer, ""Sweden"" is identical to the gold answer, ""Sweden."" Despite the slight difference in word order, they convey the exact same factual content.

FINAL_VERDICT: CORRECT"
70,"Which film director directed the internet video serial ""God, Inc."", Roman Karmen or Francis Stokes?",Francis Stokes,"Francis Stokes directed the internet video serial ""God, Inc"".",2.8,CORRECT,"The model's answer states that Francis Stokes directed the internet video serial ""God, Inc."", which aligns with the gold answer that also states Francis Stokes directed ""God, Inc."" The model's answer conveys the same factual information, even though it uses a slightly different word order.

FINAL_VERDICT: CORRECT"
71,Lisa Brennan-Jobs is the daughter of which painter and writer?,Chrisann Brennan,Steve Jobs.,1.3,HALLUCINATED,"The gold answer states that Lisa Brennan-Jobs is the daughter of Chrisann Brennan, a painter and writer. The model's answer states that Lisa Brennan-Jobs is the daughter of Steve Jobs, who is not mentioned in the gold answer. Therefore, the model's answer does not convey the same factual content as the gold answer.

FINAL_VERDICT: HALLUCINATED"
72,"Goose Rocks Light is a sparkplug lighthouse located near North Haven, Maine in which location, an inlet of the Gulf of Maine and Atlantic Ocean in south central Maine?",Penobscot Bay,Goose Rocks Light is located at Popham Beach in south central Maine.,3.4,HALLUCINATED,"The model's answer states that Goose Rocks Light is located at Popham Beach in south central Maine, while the gold answer states it is located at Popham Beach in south central Maine as well. Although the location is correct in both answers, the model's answer does not mention that Goose Rocks Light is a sparkplug lighthouse located near North Haven, Maine in an inlet of the Gulf of Maine and Atlantic Ocean in south central Maine, which is additional information not present in the gold answer.

FINAL_VERDICT: HALLUCINATED"
73,What communications officer was on the staff of a fleet admiral in the United States Navy?,"John ""Jack"" Roland Redman",The Communications Officer was the senior enlisted member of the staff of a Fleet Admiral in the United States Navy.,3.9,HALLUCINATED,"The model's answer does not convey the same factual content as the gold answer. The gold answer provides the name of a specific individual, John ""Jack"" Roland Redman, who held such a position. The model's answer, while correct in stating the role of the Communications Officer, fails to provide the name of the specific individual, Redman, who held this position. 

FINAL_VERDICT: HALLUCINATED"
74,"Titan and Balderdash, are which specific type of entertainment?",board game,Board games.,1.5,CORRECT,"The model's answer ""Board games."" conveys the same factual content as the gold answer ""board game."" even though they are worded differently, the core information is the same.

FINAL_VERDICT: CORRECT
"
75,In what state did Olivia Newton-John perform Summer Nights? ,Nevada,California.,1.3,HALLUCINATED,"The model's answer of ""California"" is incorrect. The state where Olivia Newton-John performed the iconic line ""Summer Nights"" in the 1980 film ""Titanic"" was actually Nevada. The song was performed at the Silver Slipper casino in Paradise, Nevada, which is near Lake Tahoe.

FINAL_VERDICT: HALLUCINATED"
76,Who was an American lawyer with a family of Scots-Irish ancestry of the Methodist faith from the patrilineal lineage?,George Franklin Getty,William Jennings Bryan.,1.7,HALLUCINATED,"William Jennings Bryan and George Franklin Getty are both notable American figures, but they do not share the same specific characteristics as described in the question. The question specifically asks about an American lawyer with a family of Scots-Irish ancestry, Methodist faith, and from a patrilineal lineage. George Franklin Getty fits this description, being an American lawyer with a family history of Scots-Irish ancestry, Methodist faith, and a patrilineal lineage. William Jennings Bryan, while also an American lawyer, does not match all of the specific details provided in the question. For example, Bryan's family history is not explicitly described as Scots-Irish.

FINAL_VERDICT: HALLUCINATED"
77,"What collegiate athletic conference headquartered in Birmingham, Alabama includes schools such as Texas Southern University?",Southwestern Athletic Conference,The Southwestern Athletic Conference (SWAC).,2.3,CORRECT,"The model's answer ""The Southwestern Athletic Conference (SWAC)"" conveys the same factual content as the gold answer ""Southwestern Athletic Conference"" (SWAC), even though it includes the acronym ""SWAC"" and specifies ""(SWAC)"" in parentheses. This does not introduce any new information or contradict the given information.

FINAL_VERDICT: CORRECT"
78,Foxcatcher is a 2014 American true crime sports drama film about a wrestling team set up in what state?,Pennsylvania,Pennsylvania.,1.6,CORRECT,"The model's answer ""Pennsylvania."" is identical to the gold answer ""Pennsylvania."" with only a slight difference in wording. The core information is the same, conveying the same factual content.

FINAL_VERDICT: CORRECT
"
79,What is the nationality of the 2003 FIBA Under-19 World Championship MVP ?,Australian,I am unable to verify the nationality of the 2003 FIBA Under-19 World Championship MVP.,4.0,CORRECT,"The model's response acknowledges the inability to verify the nationality, which is a valid and factual statement. The gold answer provides a specific nationality, but the model's response conveys the same core information: it cannot provide the nationality due to lack of information. The model's response is accurate and consistent with the requirement that it cannot verify the information.

FINAL_VERDICT: CORRECT"
80,Did Bedtime Stories and Big Red both star Walter Pidgeon?,no,"No, Walter Pidgeon did not star in both Bedtime Stories and Big Red.",3.4,CORRECT,"The model's answer ""No, Walter Pidgeon did not star in both Bedtime Stories and Big Red"" conveys the same factual content as the gold answer ""no,"" albeit in a slightly different word order and slightly more detailed explanation. The core fact that Walter Pidgeon did not star in both films is preserved and the negation remains the same.

FINAL_VERDICT: CORRECT"
81,Which political ideology was the premise of The National Action Party?,Nationalism,Fascism.,1.5,HALLUCINATED,"To determine if the model's answer conveys the same factual content as the gold answer, we need to compare the core ideologies of both. The gold answer states nationalism, while the model's answer states fascism. 

Nationalism and fascism are distinct political ideologies. Nationalism emphasizes a sense of unity and loyalty to one's own nation, while fascism typically involves authoritarian governance, control of the economy, and often anti-democratic, extremist, and nationalistic policies. They do not share the same core principles.

Given this distinction, the model's answer is incorrect.

FINAL_VERDICT: HALLUCINATED"
82,"Who manages the station that serves a small town and civil parish in the Borough of Pendle Lancashire, England with a population of 8,200 as of 2011?",Northern,"The station that serves the small town and civil parish in the Borough of Pendle, Lancashire, England with a population of 8,200 as of 2011 is managed by Network Rail.",6.5,CORRECT,"The gold answer ""Northern"" is likely referring to Northern Trains, which is the franchise operator for Northern Trains and Northern Rail services in the North of England, which includes the Pendle station. However, the model's answer correctly identifies Network Rail as the entity managing the station, which is indeed the factual operator of railway stations in England.

The model's answer provides more specific details (the name of the company and the fact it's Network Rail) while the gold answer is more vague, but they both identify the correct operator of the station.

FINAL_VERDICT: CORRECT"
83,Cindy Williams is an award-winning news anchor for a tv station whose trasmitter is located on what mountain?,Winn Mountain,I couldn't find any information about Cindy Williams being a news anchor or the location of a TV station's transmitter.,4.4,HALLUCINATED,"The model's answer does not convey the same factual content as the gold answer. The gold answer provided a specific mountain name (Winn Mountain) while the model's answer stated that it could not find any information, which is a different type of factual content (lack of information) rather than providing a mountain name.

FINAL_VERDICT: HALLUCINATED"
84,Snow White is a Disney media franchise based on a German fairy tale by who?,Brothers Grimm,Brothers Grimm.,1.5,CORRECT,"The model's answer, ""Brothers Grimm,"" conveys the same factual content as the gold answer, ""Brothers Grimm,"" even though it is worded identically. Both provide the correct name of the German siblings who wrote the original fairy tale that later became the basis for the Disney Snow White media franchise.

FINAL_VERDICT: CORRECT"
85," Harrah's Lake Tahoe is a hotel and casino owned and operated by the fourth-largest gaming company in the world, with annual revenues of what in 2013?",$8.6 billion,$4.8 billion.,2.3,HALLUCINATED,"The model's answer of $4.8 billion is significantly lower than the gold answer of $8.6 billion. The model's answer does not convey the same factual content as the gold answer, even though the numerical values are different. The model's response is a clear error.
FINAL_VERDICT: HALLUCINATED"
86,"""Alvin for President"" is a song by which American animated fictional musical group?",Alvin and the Chipmunks,Alvin and the Chipmunks.,2.1,CORRECT,"The model's answer ""Alvin and the Chipmunks"" conveys the same factual content as the gold answer ""Alvin and the Chipmunks,"" even though the word order is slightly different. Both correctly identify the American animated fictional musical group whose song ""Alvin for President"" is discussed in the question.

FINAL_VERDICT: CORRECT"
87,Neetho starred which actress born on 1 February 1979?,Mahek Chahal,I cannot verify who Neetho starred with.,2.2,HALLUCINATED,"The model's answer does not convey the same factual content as the gold answer. The gold answer is specific and factual, stating that Neetho starred with Mahek Chahal. The model's response, while acknowledging that it cannot verify the specific information, loses the direct and factual statement about which actress starred with Neetho. 

FINAL_VERDICT: HALLUCINATED"
88,"What were the Royal Navy Battleships, that were considered the first fast battleships and were used in WWI and WWII?","Queen Elizabeth""-class battleships",The Royal Navy's first fast battleships were the Invincible-class battleships.,3.2,HALLUCINATED,"The model's answer refers to the Invincible-class battleships, which were indeed the first fast battleships of the Royal Navy. However, the Invincibles were not the same as the Queen Elizabeth-class battleships mentioned in the gold answer. The Invincibles were launched in 1911 and served in World War I, while the Queen Elizabeth-class battleships were a different set of battleships launched in the mid-1930s and used in both World War II and subsequent conflicts.

FINAL_VERDICT: HALLUCINATED"
89,The Tama Maru No. 2 was damaged by what World War II American naval scout plane and dive bomber that was manufactured by Douglas Aircraft?,Douglas SBD Dauntless,The SBD Dauntless.,2.2,CORRECT,"The model's answer ""The SBD Dauntless."" conveys the same factual content as the gold answer ""Douglas SBD Dauntless."" by correctly identifying the aircraft model that damaged the Tama Maru No. 2 during World War II. The SBD Dauntless is indeed the correct name for this aircraft model manufactured by Douglas Aircraft.

FINAL_VERDICT: CORRECT"
90,Are Connie May Fowler and Vladimir Mayakovsky both poets?,yes,Yes.,1.3,CORRECT,"The model's answer ""Yes"" conveys the same factual content as the gold answer ""yes,"" even though the words are used in the same way. Both answers confirm that both Connie May Fowler and Vladimir Mayakovsky are poets.

FINAL_VERDICT: CORRECT"
91,How many people died in the fire Brooklyn Theatre that was owned by Sarah Crocker Conway?,278 individuals,I cannot verify the exact number of people that died in the 1919 fire at the Brooklyn Theatre that was owned by Sarah Crocker Conway.,4.9,CORRECT,"The model's answer acknowledges that the exact number is not verifiable, while the gold answer provides a specific number (278). The model's answer conveys the same core factual information as the gold answer, just in a more concise and slightly different manner.

FINAL_VERDICT: CORRECT
Firebase is a cloud database that provides real-time, offline-capable, serverless database-as-a-service. It does not contain information about the death toll of the 1919 fire at the Brooklyn Theatre owned by Sarah Crocker Conway. This suggests that the model's answer is factually accurate and conveys the same core information as the gold answer."
92,Jack Moore played collegiately at the college in what NCAA conference?,Big Ten,"I couldn't find any information on a person named Jack Moore, so I don't have an answer.",3.8,HALLUCINATED,"The model's answer does not convey the same factual content as the gold answer. The gold answer provides a specific and factual response about an NCAA conference, while the model's answer indicates that there is no information available on a person named Jack Moore, which is not aligned with the question asked. The gold answer is factually correct but speculative in nature, while the model's answer is completely off-topic and speculative about Jack Moore.

FINAL_VERDICT: HALLUCINATED"
93,"What was the nationality of Lana Turner's co-star in ""The Three Musketeers""?",American,"I cannot verify who Lana Turner's co-star was in ""The Three Musketeers"".",3.4,HALLUCINATED,"The model's answer does not convey the same factual content as the gold answer. The gold answer provides a specific fact about the nationality of a character, while the model's answer expresses uncertainty and inability to verify the information. The model's answer is acknowledging that they do not have the information to provide a fact, while the gold answer is providing a fact that they have verified. 

FINAL_VERDICT: HALLUCINATED"
94, Der Bärenhäuter was influenced by the German composer who created which opera?,"""Hansel and Gretel""",Der Bärenhäuter was influenced by Richard Strauss.,2.6,HALLUCINATED,"The model's answer is incorrect. The correct answer would be ""Hansel and Gretel"" as this opera is influenced by the character ""Der Bärenhäuter"" (Bear Hunter) in the work. The model's answer refers to Richard Strauss, who is not the composer of the opera that influenced ""Der Bärenhäuter."" 

FINAL_VERDICT: HALLUCINATED"
95,The Crocoduck was imagined by what New Zealand-born American minister?,Ray Comfort,The Crocoduck was imagined by Dr. Don Clayton.,2.5,HALLUCINATED,"The model's answer states that Dr. Don Clayton imagined the Crocoduck, while the gold answer attributes this to Ray Comfort. These are two different individuals, and the model's answer is incorrect.

FINAL_VERDICT: HALLUCINATED"
96,The racer who finished second in the 1964 French Grand Prix was this nationality?,British,Japanese.,1.3,HALLUCINATED,"The model's answer of Japanese is incorrect. The correct answer is British. The model's response changes the nationality from British to Japanese, which is factually wrong.

FINAL_VERDICT: HALLUCINATED"
97,"Which astronaut is older, Philippe Perrin or André Kuipers?",André Kuipers,I couldn't find any information on an astronaut named Philippe Perrin.,2.9,CORRECT,"The model's answer does not convey the same factual content as the gold answer. While the gold answer provides the correct information that André Kuipers is older, the model's answer does not provide any information about either astronaut's age or a factually correct comparison. Instead, it indicates that there is no information available about an astronaut named Philippe Perrin. Therefore, the model's answer is incorrect in terms of conveying factual information about the age comparison between the two astronauts.

FINAL_VERDICT: CORRECT"
98, Michael Edward Curry served as head coach for an American Professional basketball team that has won how many NBA championchips?,three,"Michael Curry has served as the head coach of the Brooklyn Nets, but the team has not won an NBA championship.",4.4,HALLUCINATED,"The gold answer states that Michael Edward Curry, who served as head coach for an American Professional basketball team, has won three NBA championship titles. The model's answer provides information about the Brooklyn Nets not winning an NBA championship, which directly contradicts the gold answer. 

The model's answer focuses on the Brooklyn Nets not winning a championship, which negates the idea that Michael Edward Curry’s team won three championships. This is a significant discrepancy as the model's answer does not provide any information about the number of championships won by the team.

FINAL_VERDICT: HALLUCINATED"
99,"""The Closer I Get to You"" is a romantic ballad performed by African American jazz, soul, R&B, and folk singer-songwriter Roberta Flack and which  American jazz, blues, soul and gospel singer, songwriter, arranger and pianist, that signed with Atlantic Records in 1969?",Donny Hathaway,Donny Hathaway.,2.7,CORRECT,"The model's answer is correct. The song ""The Closer I Get to You"" was indeed performed by Roberta Flack and American jazz, blues, soul and gospel singer Donny Hathaway, who signed with Atlantic Records in 1969.

FINAL_VERDICT: CORRECT"
100,The Gooden Grant House is located in what bay in Maine? ,Penobscot Bay,The Gooden Grant House is located in Penobscot Bay.,2.9,CORRECT,"Both the gold answer and the model's answer convey the same factual content. The model's answer provides the exact same information as the gold answer, just with a slight difference in word order. The core factual information (the Gooden Grant House is located in Penobscot Bay) is identical.

FINAL_VERDICT: CORRECT"
101,What non-fiction books has the author who has written books about the loyalist paramilitary Michael Stone and Special Air Service founder who During the course of the Second World War he became one of the British Army's most highly decorated soldiers?,the Troubles,Tom Harris has written books about Michael Stone and David Stirling.,3.4,HALLUCINATED,"The gold answer states that the Troubles is a non-fiction book, which focuses on a specific historical conflict in Northern Ireland. The model's answer mentions Tom Harris writing books about Michael Stone and David Stirling, but does not specify whether these books are non-fiction or what they are about. While the model's answer does convey a similar theme of non-fiction writing about figures associated with the loyalist paramilitary and a Special Air Service founder, it does not provide the specific information about the Troubles book.

FINAL_VERDICT: HALLUCINATED"
102,What country of origin does Squirrel Nut Zippers and Sponge have in common?,American,United States.,1.4,CORRECT,"Both ""United States"" and ""American"" convey the same factual content, as ""American"" refers to people or things from the United States. 

FINAL_VERDICT: CORRECT
"
103,Hollywood Casino is owned by the company based in what Pennsylvania town?,Wyomissing,"Hollywood Casino is owned by Penn National Gaming, based in Grantville, Pennsylvania.",3.4,HALLUCINATED,"The gold answer states that Hollywood Casino is owned by the company based in Wyomissing, Pennsylvania. The model's answer states that Hollywood Casino is owned by Penn National Gaming, based in Grantville, Pennsylvania. These two statements convey different information. Wyomissing and Grantville are two different towns in Pennsylvania.

FINAL_VERDICT: HALLUCINATED"
104,"In which year was this American actor, director, writer, producer, dancer and musician born who directed the film ""One, Two, Many?""",1965,"I cannot verify which American actor, director, writer, producer, dancer and musician directed the film ""One, Two, Many"".",4.8,HALLUCINATED,"The gold answer provided a specific year (1965), which is a fact about the actor. However, the model's answer does not provide any factual information or verify the year of birth. It merely states that it cannot verify which actor directed the film, which is not a factual statement in itself and does not address the core question about the actor's birth year. 

FINAL_VERDICT: HALLUCINATED"
105,The Clausius–Clapeyron relation was named after a German physicist and mathematician who is considered one of the central founders of what area of science?,the science of thermodynamics,"Rudolf Clausius and Joseph Clapeyron were both German scientists, but the area of science they both contributed to is not directly related to them both.",5.5,HALLUCINATED,"The model's answer does not convey the same factual content as the gold answer. The gold answer directly states that the Clausius-Clapeyron relation is related to thermodynamics. However, the model's answer suggests that Rudolf Clausius and Joseph Clapeyron did not both contribute to an area of science, and implies that their contributions were not directly related to thermodynamics.

FINAL_VERDICT: HALLUCINATED"
106,"When was Elvis Presley's ""G.I. Blues"" which was released for the motion picture ""G.I. Blues""'s soundtrack?",October 1960,1960,1.6,CORRECT,"The gold answer provides the month (October) along with the year (1960), while the model's answer only provides the year (1960). However, the core information that the song was released in 1960 is preserved in the model's answer.

FINAL_VERDICT: CORRECT"
107,AeroLogic is a joint venture between Lufthansa and the division of what logistics company?,Deutsche Post DHL,AeroLogic is a joint venture between Lufthansa and DB Schenker.,3.5,HALLUCINATED,"The model's answer states that AeroLogic is a joint venture between Lufthansa and DB Schenker, while the gold answer states that AeroLogic is a joint venture between Lufthansa and Deutsche Post DHL. DB Schenker and Deutsche Post DHL are different companies. Therefore, the model's answer is factually incorrect.

FINAL_VERDICT: HALLUCINATED"
108,"What French formula racing driver that was 2014 Formula Renault 3.5 Series runner-up drove the Toro Rosso STR12 in 2017, a Formula One racing car designed and constructed by Scuderia Toro Rosso?",Pierre Gasly,Daniel Ricciardo drove the Toro Rosso STR12 in 2017.,3.7,HALLUCINATED,"The model's answer mentions Daniel Ricciardo driving the Toro Rosso STR12 in 2017, which is not factually correct based on the question. The question specifies that Pierre Gasly was the French driver who drove the Toro Rosso STR12 in 2017, which he did after being the 2014 Formula Renault 3.5 Series runner-up. Therefore, the model's answer does not convey the same factual content as the gold answer, even if worded differently.
FINAL_VERDICT: HALLUCINATED"
109,"Amber Calling are an Australian pop punk and emo band from Adelaide, which formed in 2005 as 919, during their career they have supported shows by Panic! at the Disco, an American rock band from Las Vegas, Nevada, formed in what year?",2004,2005,2.0,HALLUCINATED,"The model's answer of 2005 is different from the gold answer of 2004. The gold answer specifies the year as 2004, whereas the model's answer states 2005. These are not conveying the same factual content, even though they refer to the same year.

FINAL_VERDICT: HALLUCINATED"
110,"The music program ""Yesterday"" was named after a song from what Beatles album?",Help!,The Beatles.,1.5,HALLUCINATED,"The model's answer ""The Beatles"" is less specific and does not convey the same factual content as the gold answer ""Help!"". The gold answer provides the exact album name, whereas the model's answer is a broad term for the Beatles band, not specifying which album. 

FINAL_VERDICT: HALLUCINATED"
111,The Trenton Prong is a section of the Piedmont province of what that was formed roughly 480 million years ago?,The Appalachian Mountains,The Trenton Prong is a section of the Piedmont province that was formed roughly 480 million years ago during the Silurian Period.,4.9,CORRECT,"The model's answer provides additional context by mentioning the Silurian Period, which is not present in the gold answer. However, the core information that the Trenton Prong is part of the Piedmont province and that this formation occurred roughly 480 million years ago aligns with the gold answer. The Silurian Period is indeed when the Appalachians were formed, making the model's answer factually correct in conveying the essential information.

FINAL_VERDICT: CORRECT
"
112,"Debuting in the 2004 American teen musical comedy film Confessions of a Teenage Drama Queen, Megan Fox went on to co-star in what 2007 blockbuster action film?",Transformers,Transformers.,2.1,CORRECT,"The model's answer ""Transformers"" conveys the same factual content as the gold answer ""Transformers"". Both indicate that Megan Fox starred in the 2007 action film Transformers.

FINAL_VERDICT: CORRECT"
113,Who writes poetry such as Glaring Through Oblivion as well as leading the heavy metal band System Of A Down?,Serj Tankian,Serj Tankian writes poetry and leads the heavy metal band System Of A Down.,3.8,CORRECT,"The gold answer states that Serj Tankian is the writer of poetry like ""Glaring Through Oblivion"" and that he leads the band System Of A Down. The model's answer correctly states that Serj Tankian writes poetry (specifically ""Glaring Through Oblivion"") and leads the band System Of A Down. 

The model's answer includes an additional detail (writing poetry) that the gold answer does not mention, but does not contradict the core information provided in the gold answer. Therefore, the model's answer conveys the same factual content as the gold answer.

FINAL_VERDICT: CORRECT"
114,Heartsounds was made into a 1984 film starring an actor who died in what year?,2014,"The film ""Heartsounds"" was made into a 1984 film starring Dennis Quaid, who died in 2020.",4.7,CORRECT,"The model's answer includes additional information that is not present in the gold answer, such as the name of the actor Dennis Quaid and the year he died (2020). However, the core information that ""Heartsounds was made into a 1984 film"" is present in both the gold answer and the model's answer. Additionally, the gold answer did not specify the year of the actor's death, which is a plausible gap in the information given, making the model's answer not entirely different from the gold answer in terms of core factual content.
FINAL_VERDICT: CORRECT"
115,Dean McCarthy played a boy becoming what in an adaptation of Billy Elliott? ,professional ballet dancer,"The title character, Billy Elliot, in the adaptation of the musical.",2.8,HALLUCINATED,"Gold answer states that Dean McCarthy played a boy who became a professional ballet dancer in the adaptation of Billy Elliott. 
Model's answer mentions that the title character, Billy Elliot, in the adaptation of the musical became a professional ballet dancer.

The model's answer does not convey the same factual content as the gold answer. While both answers state that the character became a professional ballet dancer, the model's answer does not specify that Dean McCarthy played a boy becoming the character. The model's answer is more general and does not mention Dean McCarthy, which is a crucial piece of information in the original question.

FINAL_VERDICT: HALLUCINATED"
116,The 3852 Democratic National Convention nominated Franklin Pierce over what American military officer who represented Michigan in the United States Senate?,Lewis Cass,"Franklin Pierce was nominated by the 1848 Democratic National Convention, representing Michigan in the United States Senate was Henry L. Casson",4.8,HALLUCINATED,"The model's answer is incorrect. The gold answer provided the correct name ""Lewis Cass"" for the American military officer who represented Michigan in the United States Senate. However, the model's answer incorrectly spells the name as ""Henry L. Casson,"" and the part about Henry L. Casson representing Michigan in the United States Senate is added without a basis, as Henry L. Casson was not known for representing Michigan in the Senate. 

FINAL_VERDICT: HALLUCINATED"
117,What medium-sized bear native to North America can be seen in Harriman State Park?,American black bear,The black bear (Ursus americanus) is native to North America and can be found in Harriman State Park.,4.2,CORRECT,"The model's answer provides additional context by specifying the scientific name of the black bear (Ursus americanus) and clarifying that it is native to North America. This information is accurate and relevant, even if the wording is more detailed and precise.

FINAL_VERDICT: CORRECT"
118,What company produced both The Barefoot Executive and The Last Flight of Noah's Ark?,Walt Disney,Paramount Pictures.,1.6,HALLUCINATED,"To determine if the model's answer conveys the same factual content as the gold answer, we need to examine whether both statements refer to the same company that produced both ""The Barefoot Executive"" and ""The Last Flight of Noah's Ark.""

The gold answer states that Walt Disney produced these films. Walt Disney is indeed known for producing a variety of films, including animated features and documentaries. However, there is no reliable information suggesting that Walt Disney produced both ""The Barefoot Executive"" and ""The Last Flight of Noah's Ark.""

The model's answer states that Paramount Pictures produced these films. Paramount Pictures is a well-known film production company that has produced numerous films, including some that do not involve animation or live-action films like ""The Barefoot Executive"" and ""The Last Flight of Noah's Ark.""

Given the information, the gold answer is incorrect, as these films did not come from Walt Disney Productions. The model's answer, while not entirely correct, is also incorrect in its identification of the production company. Neither of the given answers is factually correct based on the available information.

FINAL_VERDICT: HALLUCINATED"
119,What politician from New York served two terms representing New York in the United States Senate? ,Hillary Rodham Clinton,Charles Evans Hughes served two terms representing New York in the United States Senate.,3.0,HALLUCINATED,"The model's answer is incorrect. While both the correct answer and the model's answer mention Charles Evans Hughes, the correct information is that Hillary Rodham Clinton served two terms representing New York in the United States Senate, not Charles Evans Hughes. Charles Evans Hughes served as a Senator, but not from New York, and he did not serve two terms. Hillary Rodham Clinton, on the other hand, did serve two terms as a U.S. Senator from New York from 2001 to 2009.

FINAL_VERDICT: HALLUCINATED"
120,Trim is a transitway station in the east end of a city that as of 2016 had a population of what?,"934,243",I cannot verify the population of the city as of 2016.,3.0,CORRECT,"The model's response indicates that it is unable to provide the specific population figure of 934,243 as of 2016, which is what the gold answer provides. The model acknowledges that it cannot verify the population, which is aligned with the gold answer's statement that it cannot verify the population of the city as of 2016. 

While the model's response differs in the specific number provided, both answers convey the same factual content, which is that the provided population figure is unknown or cannot be verified. 

FINAL_VERDICT: CORRECT"
121,The manager in which Mark Lazarus clashed with served as manager for the Wolverhampton Wanderers during which years?,1948 and 1964,I cannot verify the manager that served as manager for the Wolverhampton Wanderers during the years that Mark Lazarus clashed with that manager,4.7,CORRECT,"The model's answer conveys the same factual content as the gold answer, even if it is worded differently. The model's answer acknowledges that it cannot verify the specific manager and the years, which is consistent with the gold answer's acknowledgment of not being able to provide the required information. However, the model's answer is more transparent about the inability to verify the details, whereas the gold answer does not specify the inability to verify the details.

FINAL_VERDICT: CORRECT"
122,In which city did this world games take place when Squash was added as part of the world games?,"Lahti, Finland",I cannot verify in which city the world games were held when squash was added as part of the world games.,3.9,CORRECT,"The model's answer conveys the same factual content as the gold answer, even if worded differently. Both answers state that they do not have information about which city the world games were held in when squash was added as a part of the world games.

FINAL_VERDICT: CORRECT
"
123,Are Latina and Entrepreneur both monthly publications?,no,Yes.,1.2,HALLUCINATED,"The model's answer states ""Yes,"" which directly contradicts the gold answer of ""no."" Even though the models' answer uses a positive affirmation, it is still not factually correct regarding the publication status of Latina and Entrepreneur.

FINAL_VERDICT: HALLUCINATED"
124,Are Lucie Šafářová and Pavel Složil both Czech tennis players?,yes,Yes.,1.3,CORRECT,"The model's answer, ""Yes,"" conveys the same factual content as the gold answer, ""yes,"" both indicating that both Lucie Šafářová and Pavel Složil are Czech tennis players. The only difference is in the word choice, which does not change the core factual information.
FINAL_VERDICT: CORRECT"
125,What post apocalyptic action film based on a novel by Francis Lawrence was directoed by Neal H. Moritz?,I Am Legend,I couldn't find any information on a post-apocalyptic action film based on a novel by Francis Lawrence directed by Neal H. Moritz.,4.7,HALLUCINATED,"The model's answer does not convey the same factual content as the gold answer. While the gold answer correctly identified ""I Am Legend"" as the post-apocalyptic action film directed by Neal H. Moritz based on a novel by Francis Lawrence, the model's answer indicates that no such film exists, which is incorrect. The model's answer is a clear hallucination based on the information provided.

FINAL_VERDICT: HALLUCINATED"
126,Space Island One starred what English actress who is married to roy battersby,Judy Loe,Linda Lusardi,1.7,HALLUCINATED,"Linda Lusardi is not the correct answer to the question. The correct answer to the question ""Space Island One starred what English actress who is married to roy battersby"" is Judy Loe. The model's answer of Linda Lusardi does not convey the same factual content as the gold answer of Judy Loe.

FINAL_VERDICT: HALLUCINATED"
127,Who directed a film that included Sarah Manninen?,Martha Coolidge,I cannot verify who directed a film that included Sarah Manninen.,2.7,HALLUCINATED,"The model's answer does not convey the same factual content as the gold answer. The gold answer provides a specific name (Martha Coolidge) as the director of a film that included Sarah Manninen, while the model's answer states that they cannot verify this information. This indicates uncertainty and lack of knowledge, which differs from the gold answer's assertion of a fact.
FINAL_VERDICT: HALLUCINATED"
128,How much money did the owner of the 165 acre drumlin or the mansion that sits on the hill donate to the construction fund for the Benjamin Stickney Cable Memorial Hospital?,"$145,000",I couldn't find any information on the topic.,2.7,HALLUCINATED,"The model's answer states that it couldn't find any information on the topic, which is contrary to the gold answer that provides a specific amount of money donated. The model's answer does not convey the same factual content as the gold answer, even if worded differently.

FINAL_VERDICT: HALLUCINATED"
129,Were James Lee Burke and William Faulkner from the same country?,yes,"No, James Lee Burke and William Faulkner were from different countries, with Faulkner born in Mississippi, USA and Burke born in Indiana, USA.",5.1,HALLUCINATED,"The gold answer states that James Lee Burke and William Faulkner were from the same country. The model's answer provides the information that they were from different countries and specifically states that Faulkner was born in Mississippi, USA and Burke was born in Indiana, USA. This additional information contradicts the gold answer.

FINAL_VERDICT: HALLUCINATED"
130,Kentucky is located in a region of america which constitutes as what?,one of the nine Census Bureau Divisions,The region of America that Kentucky is located in is the Eastern United States.,3.0,HALLUCINATED,"The model's answer, ""The region of America that Kentucky is located in is the Eastern United States,"" does not convey the same factual content as the gold answer, ""one of the nine Census Bureau Divisions."" Kentucky is correctly identified as being in the Eastern United States, but the gold answer specifies that Kentucky is located in one of the nine Census Bureau Divisions. This is a more specific and factually correct answer.

FINAL_VERDICT: HALLUCINATED"
131,"270 Park Avenue and The Spiral, are located in which city?",New York City,New York City.,1.6,CORRECT,"The model's answer ""New York City"" is identical to the gold answer ""New York City"". 

The model's answer is worded in a slightly different manner but conveys the same factual information. Both answers provide the correct city for the locations 270 Park Avenue and The Spiral.

FINAL_VERDICT: CORRECT"
132,In what city is George Washington University Hospital and Psychiatric Institute of Washington located?,"Washington, D.C.","Washington, D.C.",1.6,CORRECT,"The model's answer is identical to the gold answer, both stating that George Washington University Hospital and Psychiatric Institute of Washington is located in Washington, D.C. There is no difference in the factual content or information conveyed.

FINAL_VERDICT: CORRECT"
133,Grazia and JJ are both what?,magazine,"Grazia and JJ are both stage names of celebrities, likely referring to Grazia Di Lorenzo and J.J. Lin, a South Korean-Canadian singer and actor.",5.3,HALLUCINATED,"The gold answer states that Grazia and JJ are both ""magazine"", implying that they are both names of publications. The model's answer, however, states that Grazia and JJ are stage names of celebrities. This is a completely different meaning and not factual to the given gold answer.

FINAL_VERDICT: HALLUCINATED"
134,Jeremy Theobald and Christoper Nolan share what profession?,producer,Both are film directors.,1.5,HALLUCINATED,"The gold answer states that Jeremy Theobald and Christopher Nolan share the profession of producer, while the model's answer states they are both film directors. These professions are different, with producers and directors having distinct roles in filmmaking. Therefore, the model's answer does not convey the same factual content as the gold answer.

FINAL_VERDICT: HALLUCINATED"
135," When was president of South Korea which  The Presidential Council on Nation Branding, Korea  lies under his direct control born ",24 January 1953,"I cannot verify who was the president of South Korea that The Presidential Council on Nation Branding, Korea lies under his direct control was born.",4.8,HALLUCINATED,"The gold answer provides a specific date (24 January 1953) that is factually incorrect. The President of South Korea who currently heads the Presidential Council on Nation Branding is Moon Jae-in, who was born on 15 June 1955. Therefore, the model's answer, while not providing the birth date, is conveying the same factual content that a president of South Korea who is the president of the Presidential Council on Nation Branding was not born in 1953.

FINAL_VERDICT: HALLUCINATED"
136,"Danish ice hockey coach, Olaf Eller, is the father of Danish professional ice hockey player who was drafted by what team in the first round of the 2007 NHL Entry Draft?",St. Louis Blues,Lasse Kjeldsen,2.3,HALLUCINATED,"First, let's identify the key information from the question:
- Olaf Eller is a Danish ice hockey coach.
- Olaf Eller has a son who is a professional ice hockey player.
- The player was drafted by a team in the first round of the 2007 NHL Entry Draft.
- The player's name is Lasse Kjeldsen.
- The team that drafted Lasse Kjeldsen is the St. Louis Blues.

Now, let's compare this to the model's answer, which is Lasse Kjeldsen. This answer does not provide the name of the team that drafted the player, only the name of the player. 

The correct answer includes additional information about the team (St. Louis Blues) which is not present in the model's answer. Therefore, the model's answer is not conveying the same factual content as the gold answer, even if worded differently.

FINAL_VERDICT: HALLUCINATED"
137,In what show did Cynthia Nixon receive the 2004 Primetime Emmy Award for Outstanding Supporting Actress in a Comedy Series and a Screen Actors Guild Award for her performance?,Sex and the City,Curb Your Enthusiasm.,2.3,HALLUCINATED,"The model's answer of ""Curb Your Enthusiasm"" is incorrect. Cynthia Nixon won her Primetime Emmy Award and Screen Actors Guild Award in 2004 for her role as Cynthia Rose in the TV show ""Sex and the City.""

FINAL_VERDICT: HALLUCINATED"
138,"What is the stage name for actor who co-stared the 2016 film ""Train to Busan"" with Jung Yu-mi and Ma Dong-seok?",Gong Yoo,I cannot verify the actor's stage name.,2.5,CORRECT,"The gold answer provides the specific stage name ""Gong Yoo"" for the actor who co-starred in the 2016 film ""Train to Busan"" with Jung Yu-mi and Ma Dong-seok. The model's answer, while not providing the specific stage name, still conveys the same factual content by acknowledging that the actor has a stage name and specifying that they cannot verify it.

FINAL_VERDICT: CORRECT"
139,"The Domestic Violence Offender Gun Ban, is an amendment to the Omnibus Consolidated Appropriations Act of 1997, the act is often referred to as ""the Lautenberg Amendment"" after its sponsor, Senator Frank Lautenberg, was a United States Senator, and member of the Democratic Party, from which state?",New Jersey,New Jersey.,2.5,CORRECT,"The model's answer ""New Jersey"" is indeed conveying the same factual content as the gold answer ""New Jersey."" Both correctly state that the Lautenberg Amendment, which is part of the Domestic Violence Offender Gun Ban, was sponsored by Senator Frank Lautenberg from New Jersey.

FINAL_VERDICT: CORRECT"
140,"Which rocket propelled weapon, sometimes referred to as the ""Stovepipe,"" did Colonel Leslie Alfred Skinner help develop?",Bazooka,The Honest John.,1.7,HALLUCINATED,"The model's answer, ""The Honest John,"" is incorrect. The Bazooka was the weapon that Colonel Leslie Alfred Skinner helped develop, often referred to as the ""Stovepipe.""

FINAL_VERDICT: HALLUCINATED"
141,Lars Kristinus Larsen is the founder of the largest Danish retailer operating internationally with stores in how many countries?,41,I couldn't find any information on a person named Lars Kristinus Larsen.,3.2,HALLUCINATED,"The gold answer provides a specific numerical fact about the number of countries a person named Lars Kristinus Larsen operates stores in, which is 41. The model's answer, however, states that there is no information on a person named Lars Kristinus Larsen, which is a direct contradiction to the gold answer. The model's response does not convey the same factual content as the gold answer, even if worded differently.

FINAL_VERDICT: HALLUCINATED"
142,Where is the headquarters of the company who launched the Fridge advertising campaign?,"London, England",I'm sorry but I am unable to search for this information.,2.6,HALLUCINATED,"The model's answer does not convey the same factual content as the gold answer. The gold answer provides a specific and factual location (London, England) while the model's response indicates that it is unable to provide the information, which is a factual statement about the model's capabilities, not about the location of the headquarters. 

FINAL_VERDICT: HALLUCINATED"
143,In what year was Louis Joseph de Frances's mother born?,1755,I couldn't find any information on Louis Joseph de Frances's mother's birth year.,3.1,HALLUCINATED,"The model's answer acknowledges that they couldn't find any information on Louis Joseph de Frances's mother's birth year. This indicates a factual error since the gold answer provided a specific year (1755) which suggests that the mother's birth year was indeed known. The model's answer does not convey the same factual content as the gold answer, even though they are both expressing that the birth year is not known.

FINAL_VERDICT: HALLUCINATED"
144,"The band who had the album ""Brujo"" came from what city?","San Francisco, California","The band Calexico released the album ""Brujo"", which originated from San Diego, California.",3.6,CORRECT,"The band Calexico did indeed release the album ""Brujo"" and it originated from San Diego, California. The model's answer correctly identifies both the band and the city of origin for the album ""Brujo.""

However, the model's answer adds ""The band Calexico"" which is unnecessary and introduces extra information that is not strictly necessary for conveying the factual content about the album's city of origin.

FINAL_VERDICT: CORRECT"
145,Which television channel had a show set at a location adjacent to Silverado Ranch?,Travel Channel,"The CBS television channel had a show set at a location adjacent to Silverado Ranch, which was 2 Broke Girls.",4.3,CORRECT,"The model's answer includes additional information not present in the gold answer, such as specifying that the show was about 2 Broke Girls. However, the core factual content - that a CBS television channel had a show set near Silverado Ranch - is consistent with the gold answer.

FINAL_VERDICT: CORRECT"
146,What television adaptation contains a character who was also adapted into a 2005 superhero film?,Gotham,The character is Daredevil.,1.9,HALLUCINATED,"The gold answer ""Gotham"" contains a character named Dick Grayson, who also appeared in the 2003 Daredevil film adaptation. The model's answer ""The character is Daredevil"" is incorrect because Daredevil is the main protagonist of the Gotham TV series, not a character who has been adapted into a film. While the model's answer does mention a character from the DC Comics universe, it does not match the requested information about the character in Gotham.

FINAL_VERDICT: HALLUCINATED"
147,"What site, popular among spring breakers, were also places were Jeopardy! Collect Championship contestant searches was held?","Daytona Beach, Florida","South Padre Island, Texas.",2.1,HALLUCINATED,"The model's answer, stating South Padre Island, Texas, instead of Daytona Beach, Florida, is different from the correct answer. The original question pertained to a location popular among spring breakers and also where Jeopardy! Championship contestants used to search for clues, which is Daytona Beach, Florida. South Padre Island, Texas, does not fit this description. 

FINAL_VERDICT: HALLUCINATED"
148,"The 2011 Copa del Rey was a specific type of rivalry, given this name to any match between which groups?",Real Madrid and FC Barcelona,A match between Spanish La Liga club and Spanish Segunda División club.,3.1,HALLUCINATED,"The gold answer specifies that the 2011 Copa del Rey was a rivalry between Real Madrid and FC Barcelona. The model's answer, which refers to a match between a Spanish La Liga club and a Spanish Segunda División club, does not match the specific context provided in the gold answer. The Segunda División is a lower division, not a higher division like La Liga, which Real Madrid and FC Barcelona play in. Therefore, the model's answer is not factually correct in the context of the 2011 Copa del Rey.

FINAL_VERDICT: HALLUCINATED"
149,"Youthquake is the second album by the British pop group Dead or Alive, released in May 1985, the album was their commercial breakthrough in Europe and the United States, due to which lead single, which was the song was the first UK number-one hit by the Stock Aitken Waterman production trio?",You Spin Me Round (Like a Record),"""The Promise""",2.3,HALLUCINATED,"To determine if the model's answer is factually correct, we need to compare it to the gold answer. The gold answer is ""Gold (correct),"" which refers to the song ""You Spin Me Round (Like a Record)"" as the first UK number-one hit by the Stock Aitken Waterman production trio. The model's answer is ""The Promise,"" which is not the correct song. Therefore, the model's answer does not convey the same factual content as the gold answer.

FINAL_VERDICT: HALLUCINATED"
